subject,response,Unnamed: 2,Unnamed: 3,Unnamed: 4,Unnamed: 5,Unnamed: 6,Unnamed: 7
study2_602,"{""Q0"":""""}",,,,,,
study2_601,"{""Q0"":""I just followed the instructions no specific strategy deployed.""}",,,,,,
study2_600,"{""Q0"":""I actually mastered the words' meanings and was able to rate.""}",,,,,,
study2_599,"{""Q0"":""""}",,,,,,
study2_598,"{""Q0"":""i feel good to finish. also the experiment was so engaging""}",,,,,,
study2_597,"{""Q0"":""I cant think of anything to contribute here. The whole thing was thought provoking""}",,,,,,
study2_596,"{""Q0"":""none""}",,,,,,
study2_595,"{""Q0"":""It almost made some feelings come up seeing all those negative words i had to pick to describe myself. Other than that it was great, no improvements necessary. ""}",,,,,,
study2_594,"{""Q0"":""I focused on grouping similar words together to help remember them better. The task felt challenging but engaging, and I stayed attentive throughout. It might help to include a brief practice round to familiarize participants with the process before starting. Overall, it was a good test of memory and attention.""}",,,,,,
study2_593,"{""Q0"":""This was a great survey and I really enjoyed every bit of it, The strategy I used to answer the question was based on how it really reflected with my personal life""}",,,,,,
study2_592,"{""Q0"":""Followed the instructions ""}",,,,,,
study2_591,"{""Q0"":""I strategies by memorizing the words, I felt good about the experiment. \nI wish the researcher will emphasize more on attention check to be able to detect with no confusion.""}",,,,,,
study2_590,"{""Q0"":""I've discovered I may have low self-esteem. The task is fine and needs no improvement.""}",,,,,,
study2_589,"{""Q0"":""I focused on how I felt and the qualities I felt I have or have exhibited in the past. ""}",,,,,,
study2_588,"{""Q0"":""I found the exercise engaging and stimulating.It encourage me to think critically.Ways you can improve are maybe give clear definitions .""}",,,,,,
study2_587,"{""Q0"":""""}",,,,,,
study2_586,"{""Q0"":""I actually felt super relaxed after the experiment""}",,,,,,
study2_585,"{""Q0"":""I just had to follow the instruction and paid close attention to what I was doing, enabling me to remember some of the words the asked.""}",,,,,,
study2_584,"{""Q0"":""All good""}",,,,,,
study2_583,"{""Q0"":""The experiment was not that hard to comprehend, therefore there was no much need to apply any specific strategy. Most of the time during the experiment, I followed my gut feeling and everything went on smoothly.""}",,,,,,
study2_582,"{""Q0"":""""}",,,,,,
study2_581,"{""Q0"":""You unlocked my past.""}",,,,,,
study2_580,"{""Q0"":""I employed a clear strategy,  This approach provided consistent, realistic answers. I rated words and answered questions from this specific viewpoint.\nI felt satisfied after finishing the experiment. The task was engaging and well-structured. It gave a deep insight into the persona's psychology.""}",,,,,,
study2_579,"{""Q0"":""I feel like the task should provide a more detailed explanations before starting a new one.""}",,,,,,
study2_578,"{""Q0"":""I felt completely engaged while completing the experiment. I highly focused on my personality traits while making the judgements. I felt informed and excited after completing the study""}",,,,,,
study2_577,"{""Q0"":""I gave a true definition of who I am. ""}",,,,,,
study2_576,"{""Q0"":""close attention""}",,,,,,
study2_575,"{""Q0"":""great task as it made me reflect on myself and my mental situation""}",,,,,,
study2_574,"{""Q0"":""I just followed my guts to pick the words. I feel like I might be depressed""}",,,,,,
study2_573,"{""Q0"":""This made me think about myself more than I expected it to. ""}",,,,,,
study2_572,"{""Q0"":""followed the instructions given and selected words which likely describe me""}",,,,,,
study2_571,"{""Q0"":""It was very good and educative one ""}",,,,,,
study2_570,"{""Q0"":""I thought about how i felt about a certain description and how well i fitted into the description. ""}",,,,,,
study2_569,"{""Q0"":""I used introspection to make my personal decisions in the task. I felt engaged after the task. The task was very interactive.""}",,,,,,
study2_568,"{""Q0"":""I only chose what best matched my personality.""}",,,,,,
study2_567,"{""Q0"":""The strategy I employed was I deeply analyzed the words and picked the one I strongly related to. The study has given me a deeper reflection about myself and my habits. I found the instructions to be very clear. Nothing to complain about. The fonts were also perfect making it easy to read. I liked the study honestly.""}",,,,,,
study2_566,"{""Q0"":""No comments ""}",,,,,,
study2_565,"{""Q0"":""N/A""}",,,,,,
study2_564,"{""Q0"":""I performed the task based on how I feel and behave naturally. I felt confident after the task. Interesting task.""}",,,,,,
study2_563,"{""Q0"":""tried to focus on the key detals in each question and match them with the information provided in the tables.My strategy was to compare numbers carefully and rule out options that did not fit.After completing the experimentI felt that the tasks were clear but sometimes repetitive""}",,,,,,
study2_562,"{""Q0"":""The strategy I used is, I thought of myself, and thought if the word naturally describes me or not. The study gave me time to self-reflect. I enjoyed taking the study.""}",,,,,,
study2_561,"{""Q0"":""The strategy I employed was analyzing the various qualities and rating how well it describes me. I felt happy and satisfied after completing the experiment.""}",,,,,,
study2_560,"{""Q0"":""NA""}",,,,,,
study2_559,"{""Q0"":""No comment ""}",,,,,,
study2_558,"{""Q0"":""The study was educative.""}",,,,,,
study2_557,"{""Q0"":""I paid attention to the words""}",,,,,,
study2_556,"{""Q0"":""""}",,,,,,
study2_555,"{""Q0"":""I feel proud for taking my time to finish this""}",,,,,,
study2_554,"{""Q0"":""I employed a lot of inner reflection, though I wish there were more descriptive words.""}",,,,,,
study2_553,"{""Q0"":""Everything went well. ""}",,,,,,
study2_552,"{""Q0"":""""}",,,,,,
study2_551,"{""Q0"":""I did not use any strategy""}",,,,,,
study2_550,"{""Q0"":""you guys did a good job of keeping it engaging by switching it up and putting timers. also the breaks were in good spirits. well done""}",,,,,,
study2_549,"{""Q0"":""""}",,,,,,
study2_548,"{""Q0"":""I would say I approach the study making sure I focused and followed instructions ""}",,,,,,
study2_547,"{""Q0"":""The experiment was very engaging and going through the words helped me even notice some characters in me. Before selecting any  word, I asked myself if that word really describe me and I could learn also. Overall the study was clear, great and engaging.""}",,,,,,
study2_546,"{""Q0"":""I mostly went with my gut and tried not to overthink. The tasks were clear and easy to follow.""}",,,,,,
study2_545,"{""Q0"":""The most important strategy i have used in the rating tasks in trying to picture myself in the word. Assess how the people I interact with think of me and then give my rating.\nOverall, the experiment was awesome""}",,,,,,
study2_544,"{""Q0"":""I gave some thought on the words listed and how they describe me, it was a very engaging activity for me. All good.""}",,,,,,
study2_543,"{""Q0"":""none""}",,,,,,
study2_542,"{""Q0"":""It was quite interesting since i had to self ref;ect so that i could answwe the questions""}",,,,,,
study2_541,"{""Q0"":""I felt relieved after the experiment due to the intrusive nature of the questions.""}",,,,,,
study2_540,"{""Q0"":""I am really good at removing myself from the emotion of self-evaluation. Rather than focusing on any inadequecies or doubts that I may be having and letting these things sway my self-assessment here, I stand back and take an honest inventory of the person that I am in this, the present moment... Unrealted to any past failures/successess and also unrelated to any concerns or worries about the future.\nThis is a great task btw. I have no suggestions ""}",,,,,,
study2_539,"{""Q0"":""memorized the words in mind, and think about how they have impact in my life""}",,,,,,
study2_538,"{""Q0"":""I stayed focused, felt proud, finished strong.""}",,,,,,
study2_537,"{""Q0"":""I tried to remember the negative attributes better.""}",,,,,,
study2_536,"{""Q0"":""No strategies were employed. With all of the experiments, I went with my first gut reaction. A couple of times I simply clicked or pressed the wrong button on accident, but for the most part, I just went with my gut. I enjoyed it. Thank you!""}",,,,,,
study2_535,"{""Q0"":""It was a little repetitive. Maybe the longer tasks could be broken into maybe 1 more section, just to give a break, because I think people who do the whole thing are committed and want to do their best and give good and accurate data.\n\nAlso, maybe explain that you CAN select 0 or 100 if you want or it feels appropriate. At first I thought you meant for us NOT to select those, but I figured it out. Just a little unclear at first.\n\nOne last point: are you expecting any specific minimum number of remembered words to be typed out, or just a time spent on that part? I thik respondents might feel insecure that they are not doing enough without any guidance there.""}",,,,,,
study2_534,"{""Q0"":""Completely enjoyed participating and found myself completely engaged and attentive.  Best of Luck !!!""}",,,,,,
study2_533,"{""Q0"":""I felt good after completing the task because it sort of reminded me of the good qualities I possess. I hardly take  out time to appreciate myself and my qualities but while I was taking part in the studies I had time to do so, smiling sometimes and also laughing when I came across words like \""fool\"", \""idiot\"" and some others because I thought for a moment that who would label his or herself a fool. In conclusion, the task was good, the instructions were very clear and easy to understand. Thanks for having me.""}",,,,,,
study2_532,"{""Q0"":""It was interesting to see how I felt about each word describing me. ""}",,,,,,
study2_531,"{""Q0"":""n/a""}",,,,,,
study2_530,"{""Q0"":""I thought that this was a very thought-provoking task as a whole. It got me really thinking about exactly how I view myself, although that viewpoint is ever changing.""}",,,,,,
study2_529,"{""Q0"":""""}",,,,,,
study2_528,"{""Q0"":""I chose the word that felt most natural and accurate to me in each pair, and overall the task was clear and straightforward, though adding shorter breaks might make it more comfortable.\n""}",,,,,,
study2_527,"{""Q0"":""N/A""}",,,,,,
study2_526,"{""Q0"":""Overall, I found the task clear and manageable, though it did require sustained attention.""}",,,,,,
study2_525,"{""Q0"":""Being my true and authentic self. Making sure I answer and share my mental health in this study.""}",,,,,,
study2_524,"{""Q0"":""i quickly enter the words i could remember using y and n. After finishing the experiment, I felt satisfied. overall the task is engaging""}",,,,,,
study2_523,"{""Q0"":""I based my answers over something that happened in my life 3 years ago which has made me feel bad about myself ever since. No other strategy, just read through and choose the one that described best.""}",,,,,,
study2_522,"{""Q0"":""""}",,,,,,
study2_521,"{""Q0"":""I just thought of the words and quickly clicked on what described me.  On some I accidentally clicked the wrong one.""}",,,,,,
study2_520,"{""Q0"":""""}",,,,,,
study2_519,"{""Q0"":""I was so much focused throughout the study.""}",,,,,,
study2_518,"{""Q0"":""I chose extremes for some words because I really feel they were a complete miss or a complete fit for who I am. I think if everyone tells you that you are smart, and if you have known that your whole life, it would be silly to put a 98 down when it is a 100. I went with my gut feel on many words, and for words that have changed for me recently, I went on what I feel I am now, as opposed to what I may have been the prior year and before.""}",,,,,,
study2_517,"{""Q0"":""The questions were straightforward and clear. Although I have a positive attitude toward myself, I'm still a worrier and that's something I need to work on.""}",,,,,,
study2_516,"{""Q0"":""No more improvement""}",,,,,,
study2_515,"{""Q0"":""the choice between the two words was hard with the 8 seconds, I think I missed one because I couldn't decide in time. I wish it didn't have a timer because it's so anxiety inducing just the timer itself, and the more you tell yourself to calm down and think clearly, the more you kind of can't and panic more instead.""}",,,,,,
study2_514,"{""Q0"":""i think the researcher should show try and use the words in a sentence. Overall i enjoyed this task.""}",,,,,,
study2_513,"{""Q0"":""""}",,,,,,
study2_512,"{""Q0"":""I just took the tasks and i was as honest as possible""}",,,,,,
study2_511,"{""Q0"":""I thought it was a good task, especially at the moment in my life and what i'm currently going through.""}",,,,,,
study2_510,"{""Q0"":""No strategy was used.""}",,,,,,
study2_509,"{""Q0"":""I think I thought 8 seconds was shorter that it actually is when choosing between 2 words""}",,,,,,
study2_508,"{""Q0"":""Just not feeling great about myself lately. Going through a terrible breakup.""}",,,,,,
study2_507,"{""Q0"":""I didn't use any specific strategies when doing the task, just tried to be as honest as possible with myself. I appreciate the opportunity to learn more about my feelings and express them in a way.""}",,,,,,
study2_506,"{""Q0"":""I was able to put in maximum attention in the task and understanding instruction, which helped and contributed to better performance.""}",,,,,,
study2_505,"{""Q0"":""I think the task was eye opening for me and I had to think, at times, ab out my answers. it was especially true deciding between 2 words.""}",,,,,,
study2_504,"{""Q0"":""I just did my best to answer everything honestly.""}",,,,,,
study2_503,"{""Q0"":""I paid close attention to all the words displayed""}",,,,,,
study2_502,"{""Q0"":""very interesting study ""}",,,,,,
study2_501,"{""Q0"":""I don't know how i feel""}",,,,,,
study2_500,"{""Q0"":""When words such as \""repulsive\"" \""slob\"" or \""gross\"" came up, I thought that was sad, because when people are depressed, they might think that way about themselves. I don't think about myself in that way, but it's really sad that some people do.""}",,,,,,
study2_499,"{""Q0"":""I basically followed the provided instructions. I did not use specific strategies as per say.""}",,,,,,
study2_498,"{""Q0"":""I selected most of words according to my behaviour. The study was very engaging and interesting.""}",,,,,,
study2_497,"{""Q0"":""I didnt have any""}",,,,,,
study2_496,"{""Q0"":""not thinking twice""}",,,,,,
study2_495,"{""Q0"":""I prefer to concentrate fully on this task, I kept my eyes, mind and on the questions.  ""}",,,,,,
study2_494,"{""Q0"":""a couple times I didn't answer in the required time because I was thinking through my response. very engaging study. thank you and good luck in all your endeavors! ""}",,,,,,
study2_493,"{""Q0"":""I thought about my personality and how well those words lined up with me""}",,,,,,
study2_492,"{""Q0"":""When I was clicking the slider, I would have liked to be able to hit enter instead of having to click the continue button. Otherwise, working quickly was more of a mouse target task than simply answering the questions.""}",,,,,,
study2_491,"{""Q0"":""I was self refelctive of my current self and imagined how closed friends would rate me based on the words .""}",,,,,,
study2_490,"{""Q0"":""I tried to think of how people would describe me. I felt somewhat accomplished after completing it, but also worried I did it incorrectly. ""}",,,,,,
study2_489,"{""Q0"":""I answered the questions and associated words with how I typically act given past experiences. I'm a person of duality and context though and some words were hard to give a definite answer of how I actually am vs how I feel, though I did give my best effort to answer the questions. For example the question of \""do I think I'm selfish\"" was hard to answer. I'm a very wanting person, I want everything that I can get. Even though I feel that way though, I rarely act on it no matter how much it leaves me wanting and empty. Some people may call that being selfless, as I'm foregoing the want and instead allowing others to have, but my guilt tells me even feeling that way is selfish in itself even though no wrong action has been committed. It was a reflective exercise if nothing else, had fun though.""}",,,,,,
study2_488,"{""Q0"":""I feel that this was very interesting. It felt a bit long but not boring.""}",,,,,,
study2_487,"{""Q0"":""I just simply paused at each word and thought about it for a second. I definitely feel a little down now because of the words I saw and reminding myself that some of them apply to me negatively. The study was interesting and engaging overall, thank you!""}",,,,,,
study2_486,"{""Q0"":""The only real thoughts I had when doing this was that I noticed just how contradictory I am with myself. For instance, I feel greedy AND charitable. I feel attractive AND ugly. I don't think I've ever realized just how much of a contradiction I am. ""}",,,,,,
study2_485,"{""Q0"":""I just followed the instructions and did the best I could""}",,,,,,
study2_484,"{""Q0"":""everyone is made up of good and bad thngs.so i used that strategy""}",,,,,,
study2_483,"{""Q0"":""I tried to be honest and use the full scale, thinking carefully about each word. It made me reflect on my traits, and sometimes it was tricky to pick middle values. It might help to give examples for the scale points to make ratings clearer. Overall, it was interesting.""}",,,,,,
study2_482,"{""Q0"":""I just tried to be honest with myself and thoughtful of the answers that I picked. At the end of the experiment, I realized how low of a self esteem I really have. I can't really think of ways to improve the experiment, it is pretty simple and straightforward. ""}",,,,,,
study2_481,"{""Q0"":""I tried to select the best options with what I was presented, nothing too special. I tried to be as honest as possible. If you are going for more detailed responses you could add a slider to each word from 0 to 100. So you can see exactly which word fits best. I appreciate your research. Thank you.""}",,,,,,
study2_480,"{""Q0"":""I wished the scales would have had numbers visible as I moved the scale.""}",,,,,,
study2_479,"{""Q0"":""I thought about what I feel at the moment, and how Ive been feeling lately when I was selecting the words. ""}",,,,,,
study2_478,"{""Q0"":""I challenged myself to take myself seriously and not answer based on who I WANT to be, but based on who I am now. I found that I need to work on my confidence first, and many things I rated myself low on will soon rise as well. Phenomenal study!""}",,,,,,
study2_477,"{""Q0"":""I tried to go with my gut when making the decisions. It would've been nice if I were given a 2 minute break at one or more points during the study because it was quite long.""}",,,,,,
study2_476,"{""Q0"":""I don't think I employed any unique strategies. I just tried to answer the questions as accurately as I could.""}",,,,,,
study2_475,"{""Q0"":""I didn't employ any particular strategies. I feel kinda down now afterwards. No other comments.""}",,,,,,
study2_474,"{""Q0"":""progress bar""}",,,,,,
study2_473,"{""Q0"":""I feel drained, but I often feel drained. I can't remember the beginning of the experiement, but I do a lot of studies.""}",,,,,,
study2_472,"{""Q0"":""I did not use any one particular strategy. I just answered truthfully and wholeheartedly. ""}",,,,,,
study2_471,"{""Q0"":""I tried to be honest about how I viewed myself and afterwards I felt a bit mentally exhausted.""}",,,,,,
study2_470,"{""Q0"":""I read carefully and looked for patterns, felt satisfied though mentally taxed, and think a time estimate would help.""}",,,,,,
study2_469,"{""Q0"":""I don't have any strategy besides comparing the words to myself. I feel tired after completing the experiment due to a lot of repeatation""}",,,,,,
study2_468,"{""Q0"":""I didn't really use any strategies for the experiment. The task made me feel sad because it made me think about my negative traits, which I normally try not to focus on. But it was an engaging task overall!""}",,,,,,
study2_467,"{""Q0"":""I just picked what best described me, no real strategy to it. My feelings I think my picks mostly show I value my mind, and It's what I rate highly. A progress bar would be nice. ""}",,,,,,
study2_466,"{""Q0"":""Throughout the various tasks, I employed several strategies to ensure accuracy and engagement. For the memory and comprehension tasks, I focused on active reading, trying to identify and retain key facts, names, and numbers. My goal was to synthesize the information presented in the articles and scenarios as quickly as possible. ""}",,,,,,
study2_465,"{""Q0"":""i just went with how i really feel about myself and chose the first that came to mind. it makes me think more about how i view myself after being done with the task. ""}",,,,,,
study2_464,"{""Q0"":""It was a wake up call to how depression affects me""}",,,,,,
study2_463,"{""Q0"":""i followed the rules""}",,,,,,
study2_462,"{""Q0"":""I feel useless every day I am terminal and have a few months left.  I just picked the words closest to what I feel.  ""}",,,,,,
study2_461,"{""Q0"":""""}",,,,,,
study2_460,"{""Q0"":""I was honest with myself and how I view myself throughout the experiment. I enjoyed this experiment very much!""}",,,,,,
study2_459,"{""Q0"":""I went with the words that I felt described me the most or ones that I feel like I related to the most. After completing the experiment, I began to think about some of the worries weighing on my mind and what I can do to mentally not worry so much and not think so hard about little things. Overall, it was a good survey that helped me think about how I can harmonize my thoughts and worries so that they don't overwhelm me in my daily life. ""}",,,,,,
study2_458,"{""Q0"":""""}",,,,,,
study2_457,"{""Q0"":""I did not use any strategies""}",,,,,,
study2_456,"{""Q0"":""great study""}",,,,,,
study2_455,"{""Q0"":""All good""}",,,,,,
study2_454,"{""Q0"":""I didn't have any specific strategies I used, I just tried to be reflective and honest while maintaining a decently quick response time. I feel slight relief at completing the experiment and I hope I am invited to the second part in the future.""}",,,,,,
study2_453,"{""Q0"":""I just tried to answer as honestly as possible, even when I was presented with conflicting choices that I didnt agree with like Liar or Scoundrel etc. I just tried to pick the one that actually fit me better. ""}",,,,,,
study2_452,"{""Q0"":""This was a longer survey and I'm glad it's almost done. I did enjoy thinking a little deeper about myself and some of the descriptors.""}",,,,,,
study2_451,"{""Q0"":""My strategy was to give 100% focus and provide the most accurate and honest answers I could. After completing the experiment I'm happy that I accomplished that and happy to know myself a little better than I did before the experiment. Thank you for letting me participate. ""}",,,,,,
study2_450,"{""Q0"":""I carefully thought about how those qualities apply to me and I felt really good after completing the task.""}",,,,,,
study2_449,"{""Q0"":""I just chose what came to mind first for me. ""}",,,,,,
study2_448,"{""Q0"":""I was divided with a lot of the terms because there is context with nearly all my answers. I understand that my selections were meant to be based on how I perceive myself, but my perception changes based on certain situations. I am capable and successful in certain aspects in my life, but maybe not in terms of career and financial success. I am Asian-American, and most people of my generation and younger suffer from severe generational trauma from our parents and our culture. Our perception of ourselves gets warped because of this trauma, and we are unable to evaluate ourselves objectively. We often view ourselves and our accomplishments in the lens of our parents and our culture. It's something that follows most of us our entire lives no matter our age and status in society.""}",,,,,,
study2_447,"{""Q0"":""i feel enlightened and inspired after this survey and also learned some new words""}",,,,,,
study2_446,"{""Q0"":""""}",,,,,,
study2_445,"{""Q0"":""I tried to recognize the feeling I hold about myself. Both the negative and positive. I tried to see those as descriptive of my thoughts about myself, not prescriptive of my character and who I am. I am trying to be more merciful towards who I am. Recognizing flaws, and accepting them, but knowing thats not all of me either.""}",,,,,,
study2_444,"{""Q0"":""I wished there were numbers on the sliders. Other than that it was interesting coming across certain words as they made me think of myself in different ways""}",,,,,,
study2_443,"{""Q0"":""Complete honesty, usually responding with my first thought/reaction""}",,,,,,
study2_442,"{""Q0"":""The task was good, although some choices were difficult to make. I tried to go with my first gut feeling when picking words but sometimes during the timed ones I found myself rethinking the choice. ""}",,,,,,
study2_441,"{""Q0"":""i try to think good things and make the right things""}",,,,,,
study2_440,"{""Q0"":""I dind't realize how low esteeme I have until I did this.""}",,,,,,
study2_439,"{""Q0"":""I did not employ any special strategies; I simply answered honestly. I don't have any strong feelings, and I don't need the researchers to know anything further at this time. ""}",,,,,,
study2_438,"{""Q0"":""i start reading every question to think about it""}",,,,,,
study2_437,"{""Q0"":""I followed the instructions carefully""}",,,,,,
study2_436,"{""Q0"":""i choose my answers base on my current situation""}",,,,,,
study2_435,"{""Q0"":""I feel that the words involved were too negative.""}",,,,,,
study2_434,"{""Q0"":""I stayed true to myself when completing the task.""}",,,,,,
study2_433,"{""Q0"":""I just really thought about the words, and meanings""}",,,,,,
study2_432,"{""Q0"":""So, when I had to do the task where I had to see which words best described me, I was thinking, mostly, about how I see myself. But then for some of the more negative words, I was thinking about how I could be perceived by other people. ""}",,,,,,
study2_431,"{""Q0"":""I feel worse about myself after completing this survey. It just gave me some time to reflect about myself and I didn't like what I saw.""}",,,,,,
study2_430,"{""Q0"":""I didn't really have any strategy other than being honest with who I feel I am. ""}",,,,,,
study2_429,"{""Q0"":""During the experiment, I tried to stay focused and read each question carefully to provide accurate answers. Sometimes, the questions felt repetitive, which made it a bit challenging to stay fully engaged. Overall, I felt neutral to positive after completing the task. It might help if the instructions included some examples to clarify how to respond, and maybe adding more variety could keep participants more engaged.""}",,,,,,
study2_428,"{""Q0"":""That was alot, esp if someone had ADD.  I'd be curious to see what kind of profile my answers led to, if that was something being put together.""}",,,,,,
study2_427,"{""Q0"":""I think the experiment is great as is. I am feeling happy and not bored at all after doing the tasks.""}",,,,,,
study2_426,"{""Q0"":""I tried to read quickly and answer the questions to the best of my ability""}",,,,,,
study2_425,"{""Q0"":""No strategies, I just completed the study as directed.""}",,,,,,
study2_424,"{""Q0"":""I concentrated solely on myself and thought about my mental state.""}",,,,,,
study2_423,"{""Q0"":""The only strategy I really used was determining how much I felt that way about myself. In regards to the ones where there were two options I wouldn't agree with I went with the least offensive answer to me about my own beliefs of myself.""}",,,,,,
study2_422,"{""Q0"":""I feel sad, seeing those words made me feel bad about myself.""}",,,,,,
study2_421,"{""Q0"":""I took a few breaks between tasks on my phone. And sometimes for the slider parts I double checked the definition of a word.""}",,,,,,
study2_420,"{""Q0"":""I didn't really have a strategy, I just picked which of the options was most like me overall and used the slider to pick the appropriate overall amount it describes, not necessarily taking into account how I feel in this current moment. I feel anxious after completing this experiment.""}",,,,,,
study2_419,"{""Q0"":""The task was very interactive, and I thank you for the opportunity! I think it's a great task. Don't need to improve on much. I feel fine after completing it. I didn't really do any strategies. ""}",,,,,,
study2_418,"{""Q0"":""I really enjoyed this experiment and I liked how interactive it was.  It made it enjoyable to be able to compare and choose between two things by pressing different keys.""}",,,,,,
study2_417,"{""Q0"":""I hadn't evaluated myself this way before, thinking about specific descriptors. I realize I do think I have good traits, I can be competent, and I am happy with my life, I feel badly about myself and certain outcomes in my life. It was interesting. ""}",,,,,,
study2_416,"{""Q0"":""Make it just a bit shorter and not so repetitive""}",,,,,,
study2_415,"{""Q0"":""none""}",,,,,,
study2_414,"{""Q0"":""I felt in touch with all the things that rang true about me. It made me realise how sad I really am with life and how I wish things were better.""}",,,,,,
study2_413,"{""Q0"":""I picked the words with instincts and not thinking too much about it.""}",,,,,,
study2_412,"{""Q0"":""I just tried to ask myself if I viewed myself a certain way or another, if one description matched me better that the other. I found this to be an enjoyable and self reflective survey to take. ""}",,,,,,
study2_411,"{""Q0"":""""}",,,,,,
study2_410,"{""Q0"":""""}",,,,,,
study2_409,"{""Q0"":""I didn't really use any strategies - just answered the questions presented to me as accurately as I could. As I've now completed the experiment, I'm contemplating some thoughts and worries that answering the questions has resurfaced in my head. I think the study was straightforward, without any issues and can't think of anything that would need to be changed about it. Possibly clarify that a break is acceptable between tasks so if someone needs to step away for a minute. That could help some participants.""}",,,,,,
study2_408,"{""Q0"":""I tried to answer based on my gut instinct and not dwell too long on each question. I felt very satisfied upon my completion of each section. Study was enjoyable, but it was a bit repetitive, more breaks throughout would've been nice.""}",,,,,,
study2_407,"{""Q0"":""It was an interesting experiment. I didn't employ any type of strategy. ""}",,,,,,
study2_406,"{""Q0"":""I just did what the instructions told me to do. I have no feelings about it.""}",,,,,,
study2_405,"{""Q0"":""I'm not sure about employing any strategies, I just simply answered the questions. However, after completing the experiment, it gave me great pause to want to re-evaluate my life, and it sort of opened my eyes to how I honestly feel about myself, and what I need to do to help improve my life, and my overall outlook on it, and the world around me. I really appreciate studies like this, and am always grateful to participate. I think if you had to improve this task, to make the replies more clickable, and or easier to click on. Thank you for allowing my participation. Have a blessed one all. :) ""}",,,,,,
study2_404,"{""Q0"":""This task caused a lot of self-reflection in me. Thank you for allowing me to participate. It was an enjoyable task and went by faster than I thought. Really liked the format you chose jumping from one task to another. The only part I may change is that part of the test when we were asked if we had seen a word before maybe form the question to read more like \""Please, answer whether you have seen the following words in the context of this test before\"" just to make it more explicit of what you are wanting people to remember, as that is how I understood the question but was a little confused till I saw that most of the words were words I encountered during previous sections of the test. Thank you so much for allowing me to participate. Everything else, like I said, was perfect and you did a great job at making the test not tiresome despite it being an engaging 1 hour tast.""}",,,,,,
study2_403,"{""Q0"":""I feel confused following the experiment. I have a headache, possibly from the words flashing on the screen and I feel a little depressed now.""}",,,,,,
study2_402,"{""Q0"":""Whereever the slider was naturally place kind of got in my head sometimes, like why is it placed there? But other than that nothing comes to mind,""}",,,,,,
study2_401,"{""Q0"":""I went with how I see myself in that moment when deciding on descriptions""}",,,,,,
study2_400,"{""Q0"":""I just tried to be honest with how I feel about each word describing me even if it meant something bad. Nothing else to add, thank you and have a great day.""}",,,,,,
study2_399,"{""Q0"":""I was focused - it was interesting experiment! thank you""}",,,,,,
study2_398,"{""Q0"":""I practiced little to no deliberate strategies and instead sought to be honest.""}",,,,,,
study2_397,"{""Q0"":""I think some of the choices were tough, such as picking between the least bad of the two, but I managed to pick the most accurate ones, I believe. It was an overall engaging experience. I do feel a little tense after it, I think, but that's okay and it was worth it because it made me self-reflect on some of my qualities. Thank you for the experiment. ""}",,,,,,
study2_396,"{""Q0"":""I noticed that the slider was in different spots for the words. I don't think I employed any specific strategy. ""}",,,,,,
study2_395,"{""Q0"":""I didnt employ any strategies i just answered honestly. I feel kind of sad and lonely after doing this experiment. It made me think about how i am and i did not like it much. I cant think of anything that would make this experiment better. I just want to say thank you for the opportunity for me to be a part of your research.""}",,,,,,
study2_394,"{""Q0"":""This was an interesting study, and I enjoyed it a lot. Thank you!""}",,,,,,
study2_393,"{""Q0"":""The only strategy I used was being honest, so thank you for letting me participate in this research. Have a great day.""}",,,,,,
study2_392,"{""Q0"":""Thank you for the study and I would think about which means more or less depending on the two words and go with the strongest one. It made me think of things I shouldn't be worried about but them put them out of my head to focus on the different tasks. ""}",,,,,,
study2_391,"{""Q0"":""Some of the words were brash. It was hard not to rate at 0 at times. I did not employ any strategies that I could think of. I really tried to think of how I am overall as a person, as chose the ratings as best as I could.""}",,,,,,
study2_390,"{""Q0"":""There was so strategy. I just rated based on what i felt was more core to my personality""}",,,,,,
study2_389,"{""Q0"":""I just chose what I felt described me better at the moment I saw the words. After completing the experiment, I noticed that I feel more self-conscious.""}",,,,,,
study2_388,"{""Q0"":""good experiment and study. thanks. all was good.""}",,,,,,
study2_387,"{""Q0"":""I feel a little down after this experiment just because it really did make me put my feelings into perspective. Overall a beautiful study though!""}",,,,,,
study2_386,"{""Q0"":""I just went on how I was feeling now and for most of my life""}",,,,,,
study2_385,"{""Q0"":""No strategies. Just gave honest responses. I feel the same. ""}",,,,,,
study2_384,"{""Q0"":""I didn't employ any strategies. I simply answered honestly.  Thank you for the survey! Have a wonderful day!""}",,,,,,
study2_383,"{""Q0"":""In the \""words you have seen before\"" section, if it specifies words seen in the survey, I missed it. In any case, I started without realizing it meant words seen in the study, and I was not considering that at first.""}",,,,,,
study2_382,"{""Q0"":""""}",,,,,,
study2_381,"{""Q0"":""I just tried to focus on what was in front of me. Now that it's done I want to take a nap.""}",,,,,,
study2_380,"{""Q0"":""it was great""}",,,,,,
study2_379,"{""Q0"":""I tried to be as honest as possible, as I was instructed. But I also know that we are always our own worst critics so I tried to be as objective but true to my feelings and thoughts as possible. I usually see more negative things about myself than positive things, but I also know that I do have some strengths and good traits, just like anyone. It was quite hard to find the balance while still being truthful and accurate. I had no strategy other than to be honest. I feel a mixed bag of emotions after doing this study. Strangely, some of the negative word choices that I had to consider made me feel a bit depressed when I answered honestly. It was like holding up a mirror to myself, for both good and bad elements. Gave me a lot to think about... I'm curious what the second part of this study down the line will be like, if I get to take part 2.  ""}",,,,,,
study2_378,"{""Q0"":""I just thought about my feelings the best I could and answered accordingly. The task was designed fine as it was.""}",,,,,,
study2_377,"{""Q0"":""I feel distressed that I can't stop worrying.""}",,,,,,
study2_376,"{""Q0"":""""}",,,,,,
study2_375,"{""Q0"":""I read both words and then thought about what I would use to describe myself and also thought of what my husband and family would use to describe me for some of them.  I feel slightly unmotivated right now as I just selected many negative words to describe myself. ""}",,,,,,
study2_374,"{""Q0"":""It made me reflect on how and why I thought of myself in certain ways and what I could do to improve my self-reflection.""}",,,,,,
study2_373,"{""Q0"":""There was no starategies I just chose the words that I felt better described me. I am feeling okay after the experiment. At this moment I don't think anything needs to be improved.""}",,,,,,
study2_372,"{""Q0"":""i enjoyed the study thank you for allowing me to participate in your study.""}",,,,,,
study2_371,"{""Q0"":""Nothing else""}",,,,,,
study2_370,"{""Q0"":""I really just went with my gut and my first reaction.""}",,,,,,
study2_369,"{""Q0"":""I think I have some work to do things that will help me improve in my daily thoughts. I am seeing a psychiatrist and a counselor, so I do have someone to talk to and My Psychiatrist gives me meds. I'm a work in progress, and I will continue to work on it daily until those thoughts are no longer there.""}",,,,,,
study2_368,"{""Q0"":""I can't think of any strategies I employed. I just tried to answer the question""}",,,,,,
study2_367,"{""Q0"":""I felt like most of those words were really speaking out to me. I was or have actually felt those words in the past two weeks.""}",,,,,,
study2_366,"{""Q0"":""""}",,,,,,
study2_365,"{""Q0"":""I found myself stuck thinking about some of the words and if they applied to me. Very thought provoking.""}",,,,,,
study2_364,"{""Q0"":""I kept trying to think of my true self and being honest throughout the entire experiment. I didn't have many other strategies besides that and paying attention. ""}",,,,,,
study2_363,"{""Q0"":""I tried not to think too much about the words and went with my gut to see what I might think of myself subconsciously.""}",,,,,,
study2_362,"{""Q0"":""I don't think I necessarily used any strategies. I just thought in my head how  much I related to each word mentioned. I felt okay overall after completing this experiment. It really had me thinking about myself throughout the whole process. I am glad I was able to take part in this study.""}",,,,,,
study2_361,"{""Q0"":""What strategies were needed? You just to be honest and be honest with yourself. No other strategy needed.""}",,,,,,
study2_360,"{""Q0"":""I feel concerned about my mental health after completing this survey. I am also thinking about taking care of my depression and anxiety better than I am doing in the present. I wish there was different fonts, colors, or backgrounds used in the survey to make it more visually stimulating. Thank you for this opportunity! ""}",,,,,,
study2_359,"{""Q0"":""I just went with my gut""}",,,,,,
study2_358,"{""Q0"":""it was hard to stay focused just because of how repetitive it was, maybe have a break or something else in between""}",,,,,,
study2_357,"{""Q0"":""I tried to see myself from an honest viewpoint and find some positive qualities about myself in relation to the words, although this was very difficult.""}",,,,,,
study2_356,"{""Q0"":""I just thought about how I genuinely felt and tried my best to be honest even if it was painful to do so.""}",,,,,,
study2_355,"{""Q0"":""""}",,,,,,
study2_354,"{""Q0"":""I just went choosing the one that most matched with my personality""}",,,,,,
study2_353,"{""Q0"":""No real stratigies. I was a bit tired, but that didn't change how I answered anything. At least you kept the answers in various formats (clicking arrow keys, Y or N...etc). I do feel a bit more depressed though now. ""}",,,,,,
study2_352,"{""Q0"":""i do not think I had a real strategy, I just tried to be as honest with myself as I could. I feel a little weird after the experiment because I was very raw and honest. I am not sure how you could improve, the tasks went well. i am a very visual person so maybe pictures would help improve the study I am not sure though.""}",,,,,,
study2_351,"{""Q0"":""I didn't use any strategies. I tried not to think too hard and just go with what I felt.""}",,,,,,
study2_350,"{""Q0"":""i thought about my current mood and previous mood how, it applies to the words being presented and which resonated more with me. ""}",,,,,,
study2_349,"{""Q0"":""I appreciated that there were breaks built into the task. Thank you.""}",,,,,,
study2_348,"{""Q0"":""It just made me think of how I might view myself and not realize it.""}",,,,,,
study2_347,"{""Q0"":""I just went through my feelings at the time and if the words went towards myself. ""}",,,,,,
study2_346,"{""Q0"":""I just followed the instructions and answered as truthful as possible.""}",,,,,,
study2_345,"{""Q0"":""I didn't really employ any strategies but just tried to respond as accurately as I could. A few of the word pair tasks I might have responded to differently if I had had more time to reflect. I feel a bit depleted right now after the experiment. Thank you!""}",,,,,,
study2_344,"{""Q0"":""If neither word described me I chose the one that described the least and I did the same for words that described me the most.  some of the choices were both either a no or a yes.  It was interesting.  thank you""}",,,,,,
study2_343,"{""Q0"":""I feel like shit. I just realized how pathetic and useless I am after taking this study. I don't know why I have such low esteem. I wish I could just go to sleep and never wake up. I'm tired of life. ""}",,,,,,
study2_342,"{""Q0"":""I did my best and I was honest.""}",,,,,,
study2_341,"{""Q0"":""everything went smooth it was a bit boring, but it was easy""}",,,,,,
study2_340,"{""Q0"":""My feelings are the same. I just followed the instructions and chose the words that fit me best. ""}",,,,,,
study2_339,"{""Q0"":""Thank you! I have ADHD, anxiety and depression. My answers probably contradict themselves, which I attribute to my neurodevelopmental disorder. I was diagnosed with ADHD at the age of 40, so I'm still learning how to best manage my symptoms along with anxiety, depression, and perimenopause. Fun times! Haha.""}",,,,,,
study2_338,"{""Q0"":""The survey was very interesting and really brought to light how I feel or describe myself. It was eyeopening.""}",,,,,,
study2_337,"{""Q0"":""It was clear and did not have any glitches. It was not cluttered and well organized. Thank You""}",,,,,,
study2_336,"{""Q0"":""Interestingly, I was feeling quite down before starting and feel better after the experiment.""}",,,,,,
study2_335,"{""Q0"":""""}",,,,,,
study2_334,"{""Q0"":""I tried to go with my first instincts as if I had too much time to think about it I feel I would of not been true to myself and told a lie.""}",,,,,,
study2_333,"{""Q0"":""It was a rough time to think about myself and what words describe me. Especially when thinking about my negative traits and not just my positive ones. I tried to really think about how well each word described me and what I'm like in real life. ""}",,,,,,
study2_332,"{""Q0"":""I just picked the closet word that matched me well. All good.""}",,,,,,
study2_331,"{""Q0"":""I feel it was a great experiment.""}",,,,,,
study2_330,"{""Q0"":""I can't think of any ways these tasks could be improved, to be honest. It was a much different kind of study than one Ive ever taken before! It was definitely involving and some of the words I chose for myself, I wonder about such as feeling like I am somewhat toxic, and hateful. It makes you realize some things about yourself! Thank you""}",,,,,,
study2_329,"{""Q0"":""I just went with my gut and let it guide me.""}",,,,,,
study2_328,"{""Q0"":""""}",,,,,,
study2_327,"{""Q0"":""I thought everything was great. I feel a lot more tired now, and a little overwhelmed, but the survey itself was fine. ""}",,,,,,
study2_326,"{""Q0"":""""}",,,,,,
study2_325,"{""Q0"":""i thought the task  choosing between two words was difficult because alot of times i was neither word but i did the best i could with that task.  ""}",,,,,,
study2_324,"{""Q0"":""I just thought about how I've felt day to day in my adult life and the struggles I've had and how they've affected me.""}",,,,,,
study2_323,"{""Q0"":""Some of these were tricky because there are a lot of layers to a person. I can often feel worthless, but useful. I can feel pessimistic, but hopeful. It's very difficult to categorize myself and try to stay truthful, instead of answering according to what I wish to portray of myself/who I want to be vs who I am. This was an engaging study, thank you!""}",,,,,,
study2_322,"{""Q0"":""i was honest with my response. after the experiment it made me feel a little down on myself.""}",,,,,,
study2_321,"{""Q0"":""This is exhausting (if you think about it, and tell the truth). I certainly wish there were more room for both nuance & subtlety/gradations, as well as for paradoxical yet coexisting feelings & descriptions available, simultaneously (but then, I've never really cottoned to 'either or' descriptions & analyses ; )""}",,,,,,
study2_320,"{""Q0"":""well my feelings are I really enjoyed the task and thought it was fun to do.""}",,,,,,
study2_319,"{""Q0"":""I did not employ any strategies, as honestly it took me halfway through to even realize this was probably going to be a memory task. I just answered as honestly as I could and trusted later during recall that I could get the answers right based on that honesty. Only lies need to be \""remembered,\"" truth comes naturally, etc, etc.\n\nTask was perfect, no complaints about the instructions or format.""}",,,,,,
study2_318,"{""Q0"":""NA""}",,,,,,
study2_317,"{""Q0"":""I evaluated the different traits that aligned with my personality.""}",,,,,,
study2_316,"{""Q0"":""It was not very hard.  I thought about each word and how it related to  myself.  Some of the categories with the choices between two words were a bit harder, but I went with my first instinct.  I did feel a little bad when considering how the negative words related to myself, but just for a short period. I can't think of any suggestions to improve the task.  It was an interesting experiement. ""}",,,,,,
study2_315,"{""Q0"":""My feelings after completing the experiment has me looking at myself and reevaluating how I really feel. Like how certain can describe myself in both a negative and positive way. I think the experiment went very well and in my opinion, I dont think you need to do anything to improve the task.It is fine the way it is.""}",,,,,,
study2_314,"{""Q0"":""""}",,,,,,
study2_313,"{""Q0"":""""}",,,,,,
study2_312,"{""Q0"":""I employed strategies of self-reflection, and really thinking about which word pair reflected my personality the best.""}",,,,,,
study2_311,"{""Q0"":""Just tried my best to pick the best description word that suited me. I feel okay. Same as before. Everything in the study went well. I think it is good how it is. Thanks!""}",,,,,,
study2_310,"{""Q0"":""The experiment made me realize how unhappy I make myself feel. During the experiment I realized I could be much happier and I have many things I should be grateful for.""}",,,,,,
study2_309,"{""Q0"":""I didn't use any strategies I just answered the first thought that came to mind.""}",,,,,,
study2_308,"{""Q0"":""I just compared both words and chose one that describe me""}",,,,,,
study2_307,"{""Q0"":""N/A""}",,,,,,
study2_306,"{""Q0"":""I employed my current feelings and general personalities""}",,,,,,
study2_305,"{""Q0"":""Some of the words describe me perfectly because those are the same words that pop into my head over and over again. I probably feel worse than when I started, but honestly, I cannot tell, because I feel empty most days. ""}",,,,,,
study2_304,"{""Q0"":""I tried to be as focused as possible as well as consistent as possible. Those were some strange word options, and I hadn't considered some of those labels before. I worry about the impact of this survey on other participants. I hope the IRB posed questions to you about some aspects. \nAs a technical observation, I wish this survey had a progress bar so I knew how much work I had left. ""}",,,,,,
study2_303,"{""Q0"":""Im in a terribly depressive mood right now which may have made my ratings more severe""}",,,,,,
study2_302,"{""Q0"":""I still fill the same""}",,,,,,
study2_301,"{""Q0"":""n/a""}",,,,,,
study2_300,"{""Q0"":""""}",,,,,,
study2_299,"{""Q0"":""I just tried to be as accurate and honest as possible""}",,,,,,
study2_298,"{""Q0"":""I not only considered how I view myself but I also considered what I have heard about myself from others. I found this experiment interesting and it made me a lot about how I view myself.""}",,,,,,
study2_297,"{""Q0"":""I answer the questions based on how I feel and how I think about myself. ""}",,,,,,
study2_296,"{""Q0"":""No strategy just answered honestly.""}",,,,,,
study2_295,"{""Q0"":""I would say I was just being honest with myself . And with your questions . I can't say I used any strategy , I simply followed your instructions . I will say this was very engaging study and I thank you for letting me participate .""}",,,,,,
study2_294,"{""Q0"":""Overall I definitely feel more down after completing this study. I just feel sadder because I had to analyze how I felt about myself and that made me pretty sad. As far as strategies I employed I just went with what I felt was accurate. I tend to have a good understanding with how I view myself.""}",,,,,,
study2_293,"{""Q0"":""I simply stated my own true feelings. I thought this was a very interesting and engaging survey.""}",,,,,,
study2_292,"{""Q0"":""In terms of strategies, I really didn't have much. I just focused on the two words that were shown on the screen and thought about which one really applied to me more. Most of the words that had the meaning of a bad characteristic didn't apply to me. After completing the experiment, I feel relieved in a way. Since I was able to learn more about myself in a way, seeing which traits really applied to me.""}",,,,,,
study2_291,"{""Q0"":""I think some things about me are true, but others might just be the result of a distorted view of myself. Which parts are real, and which aren’t? Is it all distortion? Or is it all true?""}",,,,,,
study2_290,"{""Q0"":""A progress bar at the top or bottom of the screen would really help due to this being a longer study.  It would show us how much we've completed.  .\n\nI also enjoyed the memory tasks where we had to list words we've seen before or choose between 2 words.""}",,,,,,
study2_289,"{""Q0"":""I kept my mind clear and tried to focus on what my initial thoughts were when presented with a word or choice. I did find that I felt a little down after the exercises. I'm sure it will pass. ""}",,,,,,
study2_288,"{""Q0"":""A few times I clicked the wrong option and I got on to myself""}",,,,,,
study2_287,"{""Q0"":""The task was really engaging and fun, and I have learnt new words.""}",,,,,,
study2_286,"{""Q0"":""I did not employ any strategies while I was completing the experiment. I just chose the words that I felt described me the best. My feelings after completing this experiment are the same as before I started the experiment. The task was really fun and engaging. I do not think that anything needs to be \""improved\"". The task is perfect the way that it is. ""}",,,,,,
study2_285,"{""Q0"":""That was very self-enlightening.  Only strategy I had was to be honest.  Thank you.""}",,,,,,
study2_284,"{""Q0"":""Nothing comes to mind. It was interesting""}",,,,,,
study2_283,"{""Q0"":""Some of the words described me perfectly, so were not a good fit. Made me think...""}",,,,,,
study2_282,"{""Q0"":""I just thought about myself.""}",,,,,,
study2_281,"{""Q0"":""I just went with what felt more like me. ""}",,,,,,
study2_280,"{""Q0"":""It was engaging and insightful.""}",,,,,,
study2_279,"{""Q0"":""I was having to quickly analyze whether or not I truly feel this way, or if I think I feel this way. Also, do I feel this way in general, like overall every day, or is it just now, because I'm thinking about it?""}",,,,,,
study2_278,"{""Q0"":""I self-reflected on myself in order for me to make the right choice of words to describe me.""}",,,,,,
study2_277,"{""Q0"":""Choosing the word that best described me.""}",,,,,,
study2_276,"{""Q0"":""Great experiment.  I enjoy reflecting.  It helps put things into perspective.""}",,,,,,
study2_275,"{""Q0"":""I can't really say much about strategies... I felt it was mostly straightforward and I just answered the questions as I felt correct. My feelings? Well, thinking about all of my insecurities and miseries regarding my self-perception is a bit of a hit to my mood, and I was entirely honest. It's fine though. I don't really have many recommendations beyond, if possible, dimming the screen. For long, text-only experiments like this, staring at a bright screen for so long can be difficult. Especially since I'm apparently being inundated with insects at the moment and have had three of them crawling on my screen... ugh.  But, the most important thing I can say is, I was 100% a competitor in the 1977 olympics! ...That's a joke. Obviously...""}",,,,,,
study2_274,"{""Q0"":""Perhaps including some additional numbers on the scale would encourage person to use the whole range of numbers when assigning a value to word. I find the statements such as \""I am a person of worth\"" and \""I feel worthless\"" to be limiting because generally I feel affirmative about most of those items (I feel bad about myself and incompetent but also think I am worthy, etc.) Thanks. ""}",,,,,,
study2_273,"{""Q0"":""I didn't really have any strategies other than to answer as honestly and accurately as possible. The time limit on the task where we chose between 2 words made me rush a little and I think there were a couple I chose wrong. ""}",,,,,,
study2_272,"{""Q0"":""It makes me realize how sad I really am. How poorly my thinking can be, especially about myself. ""}",,,,,,
study2_271,"{""Q0"":""Study was good and engaging, wouldn't change any part of it. The timed ones were hard because I felt rushed to make a decision but I'm sure that's supposed to happen.""}",,,,,,
study2_270,"{""Q0"":""I did not really employ any strategies... I just read each word and thought about how the word would describe me in real life.""}",,,,,,
study2_269,"{""Q0"":""I just went with my gut response. I'd like the task to be less redundant, but I don't think you would get good results if it wasn't this redundant. Some of the survey questions about how much I worry and how I feel about myself might've been pointlessly redundant.""}",,,,,,
study2_268,"{""Q0"":""An improvement would be to give just a little more time to decide between words. I didn't really have a strategy, just went with which felt the most true to me.""}",,,,,,
study2_267,"{""Q0"":""I can't really think of anything, I think the task was fair and engaging and a good chance to self reflect.""}",,,,,,
study2_266,"{""Q0"":""Separate was spelled incorrectly as seperate.""}",,,,,,
study2_265,"{""Q0"":""It was introspective, however I felt the experiment was overly long. A progress bar or some other method of showing how much was left in the tasks would have been helpful. ""}",,,,,,
study2_264,"{""Q0"":""The first few test questions for the task of if we had seen a word before, I was answering literally if I had seen the word before.  It took me a minute to realize it was in the task.""}",,,,,,
study2_263,"{""Q0"":""I basically just looked at the two words and immediately leaned towards one of them, after a couple of seconds I thought to myself if the other word fit better or not by thinking about my everyday life.""}",,,,,,
study2_262,"{""Q0"":""The only \""strategy\"" was to semi-close my eyes so I could just make out the words because staring at the screen for so long was making my eyes hurt.  I didn't have a strategy as far as how I answered.  I feel a little down now, but I always do when I have to sit with feelings of self-loathing.  The descriptor words have many interpretations, and it takes some mental and emotional energy to parse them.""}",,,,,,
study2_261,"{""Q0"":""I just tried to answer all question as honestly as possible. I didn't want to overthink it. I made the choices that felt were most accurate.""}",,,,,,
study2_260,"{""Q0"":""""}",,,,,,
study2_259,"{""Q0"":""I mean, I didn't employ any \""strategies\"" because that didn't seem to be appropriate for a self-reflective task, right? I just tried my best to answer as honestly and accurately as possible on the different tasks and questionnaires. I guess with some of the words used during the rating tasks and the choice tasks, its kind of hard because I feel like the true answer for a certain word would be so context dependent that its hard to just rate it on a scale. I don't know if there's another way to design that part of the task but that's just my two cents.""}",,,,,,
study2_258,"{""Q0"":""Definitely picked words that related to me most at the current moment as opposed to my whole life.""}",,,,,,
study2_257,"{""Q0"":""I feel like there are some more words I can use to describe how I am and what I am feeling. ""}",,,,,,
study2_256,"{""Q0"":""""}",,,,,,
study2_255,"{""Q0"":""I tired to think as systematically and carefully as possible, but under quick progression was sometimes hard to pinpoint my exact thought. Still think it was pretty close to accurate. ""}",,,,,,
study2_254,"{""Q0"":""I feel okay, usual type of questions for this study, I just used my best judgement some of the words were somewhat similar but different at the same time but tried my best!""}",,,,,,
study2_253,"{""Q0"":""No strategies were employed.""}",,,,,,
study2_252,"{""Q0"":""This was such an in-depth and interesting study. I think the study doesn't need any major tweaks aside from perhaps making the slider numbered so that it's easier for participants.""}",,,,,,
study2_251,"{""Q0"":""i feel a bit better after finishing the whole survey than i did when i finished the questionnaire ""}",,,,,,
study2_250,"{""Q0"":""I chose the word that I felt best described me at the moment and tried my best to think about each word before rating.  I felt that I did a thorough job at trying to complete this experiment to the best of my ability.""}",,,,,,
study2_249,"{""Q0"":""I didn't use any strategies. I just answered honestly to the best of my ability. ""}",,,,,,
study2_248,"{""Q0"":""I think you guys did the study fine. thats all""}",,,,,,
study2_247,"{""Q0"":""nothing""}",,,,,,
study2_246,"{""Q0"":""I just tried to answer as honestly as I could. There was no strategy involved.""}",,,,,,
study2_245,"{""Q0"":""I used exactly how I feel about the words listed. The study was very fascinating.""}",,,,,,
study2_244,"{""Q0"":""As much as I enjoyed this task, I was able to cram the words and I put my full attention. \n\nI spent more than an 1:30Hrs on this task, additional compensation will be appreciated  ""}",,,,,,
study2_243,"{""Q0"":""None.""}",,,,,,
study2_242,"{""Q0"":""I went with my gut feelings""}",,,,,,
study2_241,"{""Q0"":""I was choosing words that describes me better""}",,,,,,
study2_240,"{""Q0"":""My only strategy was to be truthful and follow the instructions.  I feel fine. ""}",,,,,,
study2_239,"{""Q0"":""When it is a timed quiz, I sometimes hit the wrong key, like for instance I believe I hit spectacular when it should have been the other, since I get so focused on the \""hurry up\"" factor of it. Maybe a different format would be more accurate for me. ""}",,,,,,
study2_238,"{""Q0"":""I just chose how I felt at the time. I probably might chose different answers on a different day like if I was feeling a bit better one day and worse another day. ""}",,,,,,
study2_237,"{""Q0"":""""}",,,,,,
study2_236,"{""Q0"":""I enjoyed this experiment and it was simple to understand. Thank you!!""}",,,,,,
study2_235,"{""Q0"":""The tasks were simple enough that no strategy was required. I merely noted the words, applied them to myself, and then rated them in that regard. I found this to be an interesting and unusual experiment. I enjoy language-related and word-themed studies, so this was an especially enjoyable exercise.""}",,,,,,
study2_234,"{""Q0"":""I didn't have a strategie I just answered truthfuly.""}",,,,,,
study2_233,"{""Q0"":""I did not use any strategies. I just gave honest answers. I have no additional comments.""}",,,,,,
study2_232,"{""Q0"":""thank you""}",,,,,,
study2_231,"{""Q0"":""I don't believe I used any strategies. At least that is not the way I see it. I answered based on how I felt the word applied to me.""}",,,,,,
study2_230,"{""Q0"":""I was simply honest with myself. I have a number of flaws as well as good points. I could stand to improve in a lot of areas, and I tried to be open about that here.\n\nI feel reflective now. I want to improve some of those bad qualities about myself this study made me confront. Maybe I will.""}",,,,,,
study2_229,"{""Q0"":""I look at each word and applied it to myself, if it applied, I thought about how much it applied, if it didn't apply it was didn't apply to me. ""}",,,,,,
study2_228,"{""Q0"":""No strategies, no additional thoughts on the experiment.""}",,,,,,
study2_227,"{""Q0"":""I think it was an interesting way to think about my feelings and thoughts about myself versus others.  My son looked at the screen at one point (from across the room) and after I had selected an option that was high (say 75% versus 100%) he disagreed and said that he thought I was completely 100% like the word.  I explained that the process was how I feel a word described me, not how others would describe me. ""}",,,,,,
study2_226,"{""Q0"":""First of all, thank you so much for having me. I didn't really have a strategy going in. Everything was just how I felt or how i've been feeling and just answer based on that. \n\nbut that was a great study and it actually made me reflect on myself and how i'm doing mentally\n\nThank you again""}",,,,,,
study2_225,"{""Q0"":""I just focus on words and select one of them that describe me well. The survey design is easy to understand.""}",,,,,,
study2_224,"{""Q0"":""This study made me get deeper into thought about the kind of person I am or may be.""}",,,,,,
study2_223,"{""Q0"":""i just tried to accurately answer the questions. i had no particular strategy outside of that. i had no strong feelings after completion of the survey. it was more interesting than most of these studies i do but i was not particularly moved by it.""}",,,,,,
study2_222,"{""Q0"":""I really had no strategy other than doing what came to mind.""}",,,,,,
study2_221,"{""Q0"":""""}",,,,,,
study2_220,"{""Q0"":""I didn't employ any strategies because this didn't seem to be that kind of study. I just answered honestly, according to how I felt. ""}",,,,,,
study2_219,"{""Q0"":""The strategies that I employed during this experiment were thinking about what each word meant that I was presented with and to try to give my best guesses as to what the meaning of the words are if I had a hard time understanding what any of the words meant that I was presented with. I feel very good after completing this experiment because I think that this experiment was pretty unique and interesting and very fun to do overall. I think that this task could be improved if there was a part included in this experiment which asks you to select between different pairs of pictures that you are presented with by choosing which picture you think better represents how you view your own personality out of each of the pairs of pictures that are presented to you. I think including this type of a task in this experiment where you select from different pairs of pictures that are presented to you would make this experiment even more interesting and fun to do overall.""}",,,,,,
study2_218,"{""Q0"":""no. thank you for having me!""}",,,,,,
study2_217,"{""Q0"":""""}",,,,,,
study2_216,"{""Q0"":""i did not have any strategies and feelings neither, im pretty much numb""}",,,,,,
study2_215,"{""Q0"":""no real strategy just tried to be honest""}",,,,,,
study2_214,"{""Q0"":""n/a""}",,,,,,
study2_213,"{""Q0"":""I answered, honestly, the way I actually feel about myself and about things. I was just normal during and after the task, no extreme feelings or emotions.""}",,,,,,
study2_212,"{""Q0"":""""}",,,,,,
study2_211,"{""Q0"":""For the words, I just tried to see which emotion fit me better. That was about it, and just answering as honestly as I could.""}",,,,,,
study2_210,"{""Q0"":""I think i did kind of terrible on the word recall. Like some of them seemed familiar but were actually the opposite word (like i think i said lucky was there but the word was actually unlucky or whatever). ""}",,,,,,
study2_209,"{""Q0"":""""}",,,,,,
study2_208,"{""Q0"":""I did not have any but it was a fun study""}",,,,,,
study2_207,"{""Q0"":""None""}",,,,,,
study2_206,"{""Q0"":""No strategy just trusted my feelings and guts""}",,,,,,
study2_205,"{""Q0"":""i feel I tried to be honest with myself and my limitations, and yhinking of myself as this way gives me so much oppotunity to learn and grow""}",,,,,,
study2_204,"{""Q0"":""Didn't have any strategies, just answered honestly.""}",,,,,,
study2_203,"{""Q0"":""A lot of these were hard because I have mixed feelings about myself.  Sometimes I feel useless or worthless, sometimes I feel I have inherent value and help those I love.  It's just more complicated than one consistent feeling, but I did my best even though I'm often conflicted!""}",,,,,,
study2_202,"{""Q0"":""To be honest, this is a depression simulator, especially for someone like myself, but its always good to take a look at your feelings on the matter. When doing the task with comparing two words, I felt my mind slow down and over analyzed each word. Other than that this was a straightforward study, thanks for the invitation. ""}",,,,,,
study2_201,"{""Q0"":""I went with my gut when choosing the word that most described me.  There were a few times I took an extra couple of seconds because I was really not sure which word described me better.  But I ultimately went with my gut decision, or first thought.""}",,,,,,
study2_200,"{""Q0"":""""}",,,,,,
study2_199,"{""Q0"":""""}",,,,,,
study2_198,"{""Q0"":""I determined, on how I feel about myself, and how people react around me, I thought about my overall behaviors , and accomplishmens. I considered the things people know about me, and the things I keep hidden""}",,,,,,
study2_197,"{""Q0"":""None""}",,,,,,
study2_196,"{""Q0"":""I am worried that I chose the right words. ""}",,,,,,
study2_195,"{""Q0"":""I decided to go with the word that most related to myself.  Some cases did not represent me at all, so I just chose the least offensive one.  might be best to put a none button""}",,,,,,
study2_194,"{""Q0"":""I employed no strategies. All of my answers were based off how I genuinely felt. I feel a slightly better about myself having taken such a survey, so thank you for having me and take care. ""}",,,,,,
study2_193,"{""Q0"":""i answered honestly and quickly. The task was interesting. A few more practice trails would help.""}",,,,,,
study2_192,"{""Q0"":""I enjoyed doing this!""}",,,,,,
study2_191,"{""Q0"":""No, thank you!""}",,,,,,
study2_190,"{""Q0"":""i did not employ any particular strategies""}",,,,,,
study2_189,"{""Q0"":""I thought \""what do I feel more on a day to day basis.\"" That's basically the only strategy I used, I weighed my thoughts like a mental balance scale and went with whatever I leaned more towards. Or I quickly thought about all the things I've done good and bad that relate to the word and judged myself on it/gave a mental numeral rating. Honestly this experiment made me realize maybe I'm more negative and hard on myself than I thought I was. ""}",,,,,,
study2_188,"{""Q0"":""I just went with my gut reaction mostly. I think I already have a good feeling on what type of person I am.""}",,,,,,
study2_187,"{""Q0"":""I think this was faster than prolific told me it would be""}",,,,,,
study2_186,"{""Q0"":""I will admit, this survey made me realize how deeply stuck in a rut I am, but you know what? I'll do something bout it! I'll fix it somehow!""}",,,,,,
study2_185,"{""Q0"":""I did not employ any strategies while completing the task. After completing the experiment, I feel alright.""}",,,,,,
study2_184,"{""Q0"":""Nothing to add, thanks""}",,,,,,
study2_183,"{""Q0"":""I did not really employ any strategy I just answered truthfully and my feelings after completeing the experiment were that I'd love to know what my overall results were to find out more about myself.""}",,,,,,
study2_182,"{""Q0"":""Went well, no bugs. It was intuitive. No notes really lol""}",,,,,,
study2_181,"{""Q0"":""This was an interesting study to participate in.""}",,,,,,
study2_180,"{""Q0"":""I didn't have a strategy. I feel good after completing the experiment. It was interesting, though clearer instructions at the start could help.""}",,,,,,
study2_179,"{""Q0"":""The study made me self-reflect a lot more than I originally anticipated. I feel like I learned a lot about myself that I should address.""}",,,,,,
study2_178,"{""Q0"":""This was an interesting experiment!""}",,,,,,
study2_177,"{""Q0"":""I was just going most of the time with my gut feeling. I am a very decisive person, so it wasn't hard for me to choose. I know myself pretty well. I feel worse about myself now, though, compared to when I started the experiment. Maybe make it a bit shorter! I got a little mentally fatigued near the end.""}",,,,,,
study2_176,"{""Q0"":""I tried to just go with my gut feeling on my responses. I found that if I thought too much about them, I would just overthink it. I feel fine after completing the experiment, the same I did before I started it. ""}",,,,,,
study2_175,"{""Q0"":""I tried to to consider how I think of myself in a fair way. ""}",,,,,,
study2_174,"{""Q0"":""i just tried to answer the best i could and really be accurate on how i thought the words described me on the scale. i wouldnt change anything about the survey i think it was set up perfectly and very easy to understand""}",,,,,,
study2_173,"{""Q0"":""How I felt in the moment""}",,,,,,
study2_172,"{""Q0"":""I didn't like having to recall words because there was so many but that is about it""}",,,,,,
study2_171,"{""Q0"":""Wishing you  success with experiment""}",,,,,,
study2_170,"{""Q0"":""No strategies, just answered the questions based on what represents me. ""}",,,,,,
study2_169,"{""Q0"":""Didn't use much strategy. I feel fine. Nothing comes to mind. ""}",,,,,,
study2_168,"{""Q0"":""I feel even worse than I did before but at least I know I'm probably depressed""}",,,,,,
study2_167,"{""Q0"":""I can't think of anything extra to add. I just concentrated on the tasks I was given and tried my hardest to think of which words fit me best when I had two to choose from, and on the slider task I thought about which end of the spectrum I was closer to.""}",,,,,,
study2_166,"{""Q0"":""""}",,,,,,
study2_165,"{""Q0"":""I didn't use any strategies to complete the task. And my feelings throughout the experiment remained neutral; I didn't put much thought into how I felt while completing the tasks.""}",,,,,,
study2_164,"{""Q0"":""I had feelings of relief but also sadness and happiness. I feel like the study helped me vent""}",,,,,,
study2_163,"{""Q0"":""I just compared these words with myself to see which one is more suitable for me. I am feeling calm after completing the experiment.""}",,,,,,
study2_162,"{""Q0"":""I just went with what felt right.""}",,,,,,
study2_161,"{""Q0"":""I had no issues with the experiment. I just tried to pick what I thought was most accurate. I feel a bit worse about myself after, but that's life I guess.""}",,,,,,
study2_160,"{""Q0"":""I mostly went with my instinct/intuition when it came to most of the words in the tasks. Since I have been feeling various levels of ups and downs lately, it was a little difficult and I spent more time on some than others, while other words were strangely very apt and familiar to how I would specifically describe myself. Overall I found it very engaging and interesting to participate in.""}",,,,,,
study2_159,"{""Q0"":""No special strategies employed. I just reacted to each question with my intuitive honest opinion. Thank you.""}",,,,,,
study2_158,"{""Q0"":""I just did what my gut told me, and then for the memory task, i did what my memory told me. Thank you for contributing to science.""}",,,,,,
study2_157,"{""Q0"":""I didn't have any strategies, my feelings were/are neutral. Overall the task was done well.""}",,,,,,
study2_156,"{""Q0"":""I really didn't employ any strategies. I just tried to do the best I could. Thank you.""}",,,,,,
study2_155,"{""Q0"":""Nothing else. Was simple to follow""}",,,,,,
study2_154,"{""Q0"":""The task really made me think. Sometimes I had to stop and ask myself whether that was the way I really felt, or if I was answering based on the way I wanted to feel/thought about myself.""}",,,,,,
study2_153,"{""Q0"":""I had someone walk into my office with an urgent question while I was doing the final section, so I ended up not choosing on part of the last batch of questions. Hopefully this does not invalidate my data, because I gave my best effort on everything up until then. :(""}",,,,,,
study2_152,"{""Q0"":""No comments""}",,,,,,
study2_151,"{""Q0"":""I didn't really employ any strategies. I just saw the word and thought about how it related to me compared to others around me.\nAnd I didn't feel much after completing the experiment.""}",,,,,,
study2_150,"{""Q0"":""""}",,,,,,
study2_149,"{""Q0"":""no special strategies just took each word and held to myself like a mirror""}",,,,,,
study2_148,"{""Q0"":""I'm tired now.""}",,,,,,
study2_147,"{""Q0"":""I just tried to be honest in my answers. There were some that were more easy to put into a rating than others, but I tried to go with a more \""overall\"" feeling for each thing. Some I was more certain of and those were easier to rate. I really did not have a strategy.I feel kind of bad about some of my characteristics that I rated myself on. I feel I need to do better in a lot of areas of my life.""}",,,,,,
study2_146,"{""Q0"":""I didn't use any specific strategies or anything and just tried to answer things the best I could.""}",,,,,,
study2_145,"{""Q0"":""Apparently I think I am adorable, I recall clicking it twice on the \""fast\"" game:)\nGood luck with your studies!  ""}",,,,,,
study2_144,"{""Q0"":""""}",,,,,,
study2_143,"{""Q0"":""I didn't employ any strategies just tried to answer the questions as honestly as I could. Thanks for doing studies like this the money goes towards feeding my cats and myself while times are tough and it really is a big help. Best of luck with your work!""}",,,,,,
study2_142,"{""Q0"":""I never realized how negatively I viewed myself since I did this reflection. So thank you for giving me the time to see how i view myself so that hopefully i can make a change""}",,,,,,
study2_141,"{""Q0"":""I think this task was great and a great opportunity to be self-reflective. It made me realize that I think better of myself when focusing on individual words than I would as a whole. I think more highly of myself than I thought.  :)""}",,,,,,
study2_140,"{""Q0"":""i dont think there really is much else to tell""}",,,,,,
study2_139,"{""Q0"":""I didn't really use any specific strategy, I already had developed theses thoughts and feelings over the years, so some of my choices were almost mindless. Other choices I based off of my feelings and intuition on what I felt was more accurate. My feelings after completing the experiment are more positive than when I started, because this made me stop and think about myself and what was an accurate representation. It gave me a more clearer image of how I see me to myself, and that was very helpful.""}",,,,,,
study2_138,"{""Q0"":""""}",,,,,,
study2_137,"{""Q0"":""there were no strategies or anything else to add""}",,,,,,
study2_136,"{""Q0"":""I did not have any startegies, just pick the word that resonated with me the most.""}",,,,,,
study2_135,"{""Q0"":""no strategy, just thought about which one I related to more. Sometimes I accidentally hit the wrong button, usually a negative word and once I hit it I felt bad that I judged myself that way. \nNo strong feelings afterward, but makes me think a little about how I view my own self worth.""}",,,,,,
study2_134,"{""Q0"":""I expressed how I think of myself.""}",,,,,,
study2_133,"{""Q0"":""""}",,,,,,
study2_132,"{""Q0"":""When I was doing the experiment, I made sure to take breaks so I could stand up and clear my mind before starting the experiment again. I also tried to be accurate. I feel pretty good after completing the experiment, as though I got some thoughts that have been bothering me for a while off of my mind. I think the task would be more fun if it was made into a game with images such as cartoons. ""}",,,,,,
study2_131,"{""Q0"":""No real strategies""}",,,,,,
study2_130,"{""Q0"":""Picked one that resembled my personality/thoughts of myself, tried to be completely honest about how I feel, etc. ""}",,,,,,
study2_129,"{""Q0"":""The tasks worked well for me.  I was surprised by the one where I was asked to enter words I had scene.  Also, I added a space after the comma between words, which I hope didn't cause any issues.""}",,,,,,
study2_128,"{""Q0"":""i did not use any strategies. I felt some kind of 'motivation' to get better while completing the study, when I was picking in between words it made realize maybe I do not think as bad about me as i thought i did, kind of some therapy session. overall, a great study""}",,,,,,
study2_127,"{""Q0"":""""}",,,,,,
study2_126,"{""Q0"":""I tried to think about I think, feel and behave, most of the time.\nI thought the experiment was interesting and engaging. However, it was very long,  much longer than the time stated, which made me feel frustrated and deceived.""}",,,,,,
study2_125,"{""Q0"":""It was engaging. Not that repetitive either, besides the first and last tasks.""}",,,,,,
study2_124,"{""Q0"":""I just did the study and tried to concentrate on it as much as I could. I suppose it made me feel like I have a very low self esteem over all.""}",,,,,,
study2_123,"{""Q0"":""Some of the questions were hard to gauge.""}",,,,,,
study2_122,"{""Q0"":""Specifically, on the pick one or the other word choice exercise - I fell like I was consistent with my answers matching from one exercise to the next but can see myself slightly changing the scale from one moment to the next when asked to what extent a word describes me""}",,,,,,
study2_121,"{""Q0"":""I just tried to consider which of the words were most descriptive of me, which was tricky sometimes because occasionally neither felt \""right\"". ""}",,,,,,
study2_120,"{""Q0"":""""}",,,,,,
study2_119,"{""Q0"":""I just tried to give an honest answer as best I could with the time constraint. I felt happy that I finished the experiment, until this part, because I feel like what I write here isn't very useful and is wasting my time. I don't really have anything else to add. ""}",,,,,,
study2_118,"{""Q0"":""""}",,,,,,
study2_117,"{""Q0"":""I did not use any strategies beyond trying to answer as honestly as possible""}",,,,,,
study2_116,"{""Q0"":""I just tried to go with my gut feeling. I didn't have a real strategy.""}",,,,,,
study2_115,"{""Q0"":""I thought about how I see myself. I recognize I'm depressed but feel overwhelmed with my feelings and what I have to do to feel better. \n\nThank you for the opportunity to participate in this research! ""}",,,,,,
study2_114,"{""Q0"":""my strategy was just to be honest and which one related most to me. I felt that maybe im a little to down on myself because I was relating to some harmful words that I shouldnt. ""}",,,,,,
study2_113,"{""Q0"":""I found that I did not identify with words like \""vermin\"" \""pest\"" \""mess\"" Those felt very harsh to me. And even though I didn't identify with them, I felt that seeing all of the negative words made me feel a bit negative. ""}",,,,,,
study2_112,"{""Q0"":""I just went with my instincts. Sometimes I looked up the definition of the words to get a better grasp on what I was feeling because some of them caught me off guard. It was actually a great study to participate in, made me think about myself a lot and how I feel about myself.""}",,,,,,
study2_111,"{""Q0"":""When comparing words that were closer to me, I thought the one that jumps out is probably right. That did seem to prove true, when I could have taken more time to analyze but didn't need to. My main strategy was getting doses of reality from what my partner has said to me versus what I generally have thought or do think about myself. I felt kind of pinned in, encumbered by the words, but thought they were a little more expansive than normal. ""}",,,,,,
study2_110,"{""Q0"":""I just was my authentic self, I have nothing to hide. I can tell that I have improved throughout the years when I do these types of studies. If I had have had to answer these questions 10 or 20 years ago, even 30, I would have answered a whole lot differently, but thank God, I can tell that I have changed. I love myself and I am pleased with myself and I have a lot to be grateful for. That's what I love about life, a person can change, if they want to...but it definitely takes want to. Everything worked well during the survey and I'm always glad to reflect on things, doesn't hurt to from time to time. I have learned what's okay to think on and what's not and I have learned how to get things off of my mind and move on a whole lot better than when I was younger lol.""}",,,,,,
study2_109,"{""Q0"":""No technical issues encountered""}",,,,,,
study2_108,"{""Q0"":""""}",,,,,,
study2_107,"{""Q0"":""I carefully considered how each word reflected my personality, used the full scale for accuracy, and found the task engaging and thought-provoking""}",,,,,,
study2_106,"{""Q0"":""I am trying to work on my feelings and understand why I feel the way I do sometimes""}",,,,,,
study2_105,"{""Q0"":""I mostly tried to balance how I would describe myself, and how I think I am from an objective standpoint, because I know sometimes my own biases can influence how I view myself a lot.\n\nAlso, occasionally I felt a bit of worry over choosing the similar slider positions for different word choices, for fear of being screened out or my submission being rejected, but I answered as honestly as possible.""}",,,,,,
study2_104,"{""Q0"":""I just went with my heart and how I feel about myself deep within.""}",,,,,,
study2_103,"{""Q0"":""I went with my gut instinct and looked back on the last year of myself mainly.""}",,,,,,
study2_102,"{""Q0"":""Just tried to be truthful and work diligently. Everything was clear and worked well.""}",,,,,,
study2_101,"{""Q0"":""I just went with my gut feeling on things. I answered based on the way I think about myself.""}",,,,,,
study2_100,"{""Q0"":""I felt rushed to a degree. I feel it can take some time to process my thoughts.""}",,,,,,
study2_99,"{""Q0"":""Perhaps make the slider larger since using a thumbpad on a laptop requires straining in order to aim the cursor precisely on the bar.""}",,,,,,
study2_98,"{""Q0"":""I found the study very enjoyable! I realized some things about myself as well, as I really was trying to be honest. I had no idea how heartbroken I still feel, for an example. I'm not really a worrier, but I take care of both of my parents which is extremely stressful so I have a method by which if I am feeling depressed or negative, I will redirect myself. I burnt out taking care of them and have learned to really care for myself first. I found the study engaging and I actually feel pretty good about myself. I enjoyed the sliding scale rather than the bubbles for the assessment, because it helped to visually assess it much better than just a bubble with a label. I also noted that some of the negative words that were asked about later (have you seen this word before?) I was not sure, which was good because maybe I didn't feel those words as much. I really am a peacemaker and kind soul, so these may have been harder to remember because there was no emotion attached to them. Thanks so much! :)""}",,,,,,
study2_97,"{""Q0"":""This experiment was interesting and enjoyable. I tried to take a neutral perspective about myself throughout the task to avoid over or under evaluating my true feelings about myself. I also tried to be as honest as I could.""}",,,,,,
study2_96,"{""Q0"":""I did not imply any strategies i just answered the questions honesyly.""}",,,,,,
study2_95,"{""Q0"":""I just thought about each word and tried to slide the slider to where I thought was appropriate for me.""}",,,,,,
study2_94,"{""Q0"":""I found the experiment overall to be very relaxing while challenging at the same time I can appreciate that.""}",,,,,,
study2_93,"{""Q0"":""""}",,,,,,
study2_92,"{""Q0"":""I just answered honestly. I think it needs to be shorter, broken up into more studies. ""}",,,,,,
study2_91,"{""Q0"":""I just did my best to focus all of my attention on the study at hand. I suppose I feel accomplished regarding my completion. It was a good study and it pays well.""}",,,,,,
study2_90,"{""Q0"":""For the most part, I went with my gut feeling when choosing between the word options.  I feel like I chose as best as I can.""}",,,,,,
study2_89,"{""Q0"":""I just answered with the answers that I felt best represented me. ""}",,,,,,
study2_88,"{""Q0"":""""}",,,,,,
study2_87,"{""Q0"":""Just followed the prompts. Evaluating myself a little more. Think it is a good task""}",,,,,,
study2_86,"{""Q0"":""I tried very hard to really evaluate myself and maybe even how others might see me... I tried not to be too cynical when answering, too. ""}",,,,,,
study2_85,"{""Q0"":""Just tried to be honest with myself.""}",,,,,,
study2_84,"{""Q0"":""""}",,,,,,
study2_83,"{""Q0"":""I tried to pick the best option, whilst also being aware that I'm not perfect and have negative qualitied like everyone else. I feel I have made a lot of progress from my younger days - not worrying as much and having way more confidence.""}",,,,,,
study2_82,"{""Q0"":""I just weighed the options of which I feel myself more of. It wasn't a hard task, but I felt it was repetitive in some areas.""}",,,,,,
study2_81,"{""Q0"":""I thought this was a very interesting study. It forced me to think about what I really thought about myself. ""}",,,,,,
study2_80,"{""Q0"":""There were no issues. ""}",,,,,,
study2_79,"{""Q0"":""I what came to me first when viewing the words.  Tried not to over analyze it.""}",,,,,,
study2_78,"{""Q0"":""N/A""}",,,,,,
study2_77,"{""Q0"":""If you could give more time to respond it would make it easier""}",,,,,,
study2_76,"{""Q0"":""I was just honest and picked the words that I felt represented me the most""}",,,,,,
study2_75,"{""Q0"":""add color""}",,,,,,
study2_74,"{""Q0"":""Less emphasis on precise ratings. It's hard to quantify these feelings on such a granular level.""}",,,,,,
study2_73,"{""Q0"":""I just chose on instinct, whichever word felt more apt.  My feelings are the way they always are, this task didn't trigger anything I was unaware of.  Everything was easy to understand.""}",,,,,,
study2_72,"{""Q0"":""I answered based on how I felt about the describing words""}",,,,,,
study2_71,"{""Q0"":""There were some provisional strategies I came up with throughout the tasks, but nothing really descript. The task with the two words, sometimes the longer words would overlap on top of each other. It was still easy to tell which side which word is on, but I could imagine that being confusing to some people. My feelings are more or less baseline after completing the experiment.""}",,,,,,
study2_70,"{""Q0"":""This was a very long tiring study. Way too many words, I would probably make it shorter. ""}",,,,,,
study2_69,"{""Q0"":""No real strategy used, I just tried to judge each statement or word pair against my personality and answer with the better choice.""}",,,,,,
study2_68,"{""Q0"":""The task works well and was enlightening in terms of allowing me to reflect on myself. ""}",,,,,,
study2_67,"{""Q0"":""No specific strategies, and no other comments.""}",,,,,,
study2_66,"{""Q0"":""I thought about how I felt at the moment.""}",,,,,,
study2_65,"{""Q0"":""I just tried my best to be accurate when describing myself.""}",,,,,,
study2_64,"{""Q0"":""I tried to judge myself objectively when choosing the descriptive words, in order to get a true impression of myself.""}",,,,,,
study2_63,"{""Q0"":""When it comes down to it in an experiment like this, the way things were presented was easy on the eyes and not to draining. It gave you time but also changed within a reasonable manor.""}",,,,,,
study2_62,"{""Q0"":""There were no strategies. I just picked the one i thought was closest to the way i am""}",,,,,,
study2_61,"{""Q0"":""n/a""}",,,,,,
study2_60,"{""Q0"":""""}",,,,,,
study2_59,"{""Q0"":""""}",,,,,,
study2_58,"{""Q0"":""I was able to really self evaluate myself throughout this whole entire task.""}",,,,,,
study2_57,"{""Q0"":""I just tried to be as honest as possible.""}",,,,,,
study2_56,"{""Q0"":""""}",,,,,,
study2_55,"{""Q0"":""I have no notes.""}",,,,,,
study2_54,"{""Q0"":""I just answered intuitively and what I thought about myself. I did select headache because I happen to have one right now and it just made me click it, but I do not think I am a headache to others.""}",,,,,,
study2_53,"{""Q0"":""""}",,,,,,
study2_52,"{""Q0"":""I just tried to be honest with the real me and how I feel ""}",,,,,,
study2_51,"{""Q0"":""Just the usual self reflection that I do for this kind of stuff. I would think about how those words would apply to me overall. ""}",,,,,,
study2_50,"{""Q0"":""I hated having to rate myself.  It made me uncomfortable and self-conscious. I had no strategy.""}",,,,,,
study2_49,"{""Q0"":""N/A""}",,,,,,
study2_48,"{""Q0"":""Whichever word fulfilled my view of myself is what I picked.""}",,,,,,
study2_47,"{""Q0"":""I'm not sure I used any strategies and I don't have thoughts about it.""}",,,,,,
study2_46,"{""Q0"":""Took me a second or two to settle in with the timing of the tasks.""}",,,,,,
study2_45,"{""Q0"":""Being attentive.""}",,,,,,
study2_44,"{""Q0"":""I liked that I was given an update about how much of each task I had completed. The status reports made up for the lack of a progress bar.""}",,,,,,
study2_43,"{""Q0"":""When I had to choose between two words, I actually found that much faster and easier than deciding on a scale how well a word fit me -- because generally, when it was a good quality, it wasn't something that described me, so the other option was best. As far as my feelings after: I actually feel slightly better since I was surprised by how many good qualities I do feel I have (adventurous, creative, etc.) that I had never considered, so thank you for that. I'm grateful for it <3 Task was also very well done. I appreciated the breaks, and can't think of anything that needs improvement. Cheers!""}",,,,,,
study2_42,"{""Q0"":""I didn't have a strategy I just went with what I felt was more like how I felt I was. ""}",,,,,,
study2_41,"{""Q0"":""I didn't employ any strategies, I just tried to take an honest look at myself and accurately rate each word. I don't feel great but then again, I never do...so that's nothing new. I can't think of any ways to improve the task.\n\nI don't know if it's relevant but I've been depressed for close to but not quite 25 years, severely depressed for close to 20 years. I've received no help for it, my family either doesn't notice or don't care, and have just suffered alone the whole time. No therapy, no meds, no friends to talk to, no family to really talk to.Just me alone.\n\nThank you very much for the opportunity to assist with your research.""}",,,,,,
study2_40,"{""Q0"":""No comments. ""}",,,,,,
study2_39,"{""Q0"":""Nothing I can think of in particular, but thank you for the opportunity to participate.""}",,,,,,
study2_38,"{""Q0"":""Sometimes word pairs would show up in the \""Y\"" & \""N\""  section that I didn't see myself as either of them. ""}",,,,,,
study2_37,"{""Q0"":""I tried to remember my previous answers and lump them into categories in my head (words related to intellect or to physical appearance, for example).""}",,,,,,
study2_36,"{""Q0"":""everything was fine. It did seem kind of long""}",,,,,,
study2_35,"{""Q0"":""I enjoyed this task. It made me think of what type of person I really am and how I should improve certain parts of myself.""}",,,,,,
study2_34,"{""Q0"":""I tried to be as honest as possible when answering the questions. I felt wonderful after completing the experiment. I feel that the study was well-designed and engaging. ""}",,,,,,
study2_33,"{""Q0"":""It was all good.""}",,,,,,
study2_32,"{""Q0"":""""}",,,,,,
study2_31,"{""Q0"":""I focused on selecting words that I felt were most accurate and true to my personality .The task felt  interesting, as it made me pause and think about how I view myself.""}",,,,,,
study2_30,"{""Q0"":""i went with gut feelings.""}",,,,,,
study2_29,"{""Q0"":""I just tried to view myself and picked what i though best described me. The task were engaging and passed fairly quick.""}",,,,,,
study2_28,"{""Q0"":""no additional thoughts, no strategies used""}",,,,,,
study2_27,"{""Q0"":""There were times that neither of the two words were descriptive of me. ""}",,,,,,
study2_26,"{""Q0"":""I had no strategy. I just gave my honest answers""}",,,,,,
study2_25,"{""Q0"":""I do have generalized anxiety disorder, panic disorder, OCD, C-PTSD, and am autistic. I'm not sure if that will help you at all, but it probably explains a lot of my responses! I also am not clinically depressed, but I experience a lot of depression in the midst of anxiety/panic attacks. ""}",,,,,,
study2_24,"{""Q0"":""I tried to remember how the words where applied to myself.""}",,,,,,
study2_23,"{""Q0"":""I don't have anything to add.""}",,,,,,
study2_22,"{""Q0"":""""}",,,,,,
study2_21,"{""Q0"":""Well, thanks to this survey I realize how poorly I think of myself, lol. ""}",,,,,,
study2_20,"{""Q0"":""I thought about how each word made me feel and think and though of things that made me think of those words and myself or other people who those words made me think of and compare them to myself on that level on whether the words suit me or not""}",,,,,,
study2_19,"{""Q0"":""I didn't use any strategies, I just picked the words that describe me.""}",,,,,,
study2_18,"{""Q0"":""I didn't employ a strategy.  I just answered how I should.  \n\n\nEverything worked well and was understandable.""}",,,,,,
study2_17,"{""Q0"":""I have nothing to add""}",,,,,,
study2_16,"{""Q0"":""The only strategy that I employed is answering the questions as truthfully as possible.  ""}",,,,,,
study2_15,"{""Q0"":""I just was myself and answered the questions truthfully to my abilities. ""}",,,,,,
study2_14,"{""Q0"":""n/a""}",,,,,,
study2_13,"{""Q0"":""I just tried to rate myself or choose words based on how I felt. Had I known I had to memorize words I would have memorized more. I just responded the best I could as accurately as I could.""}",,,,,,
study2_12,"{""Q0"":""I don't know about strategies, I just adjusted the slider for what I felt was most accurate""}",,,,,,
study2_11,"{""Q0"":""""}",,,,,,
study2_10,"{""Q0"":""I answered all of the questions as truthfully as I could.""}",,,,,,
study2_9,"{""Q0"":""I just went with my gut feelings, as instructed. I enjoyed doing the experiment. Thank you!""}",,,,,,
study2_8,"{""Q0"":""""}",,,,,,
study2_7,"{""Q0"":""it was very long but otherwise ok""}",,,,,,
study2_6,"{""Q0"":""""}",,,,,,
study2_5,"{""Q0"":""sad during the experiment and afterward because too many of the words hit home. :(""}",,,,,,
study2_4,"{""Q0"":""I don't think I used any strategy other than trying to honestly answer.  I am feeling somewhat down after taking the assessment.  No issues or problems with the experiment itself.""}",,,,,,
study2_3,"{""Q0"":""I felt the task was too repetitive. I also understand why you want participants to use the full range of the scale when answering questions, but you should also realize that there are some people that have a tendency to see things as \""black and white\"" instead of shades of gray, so they'll gravitate towards the ends of the scale when answering about the words they feel are descriptive/non-descriptive of them.""}",,,,,,
study2_2,"{""Q0"":""The task was great, I have no complaints. I felt satisfied when I got to this screen. Thank you!""}",,,,,,
study2_1,"{""Q0"":""It was a good time for self reflection, and made me think a lot about my habits. I think in the past I would've ranked myself a bit lower on the higher esteemed type questions so I'm proud of how far I have come with that, but my answers to later questions make me see I am still a worrier, but maybe it's about not letting the worries affect me.""}",,,,,,
